Zip Code,Zip Code Type,Zip Code Name,County
66002,Non-Unique,Atchison,Atchison
66006,Non-Unique,Baldwin City,Douglas
66007,Non-Unique,Basehor,Leavenworth
66008,Non-Unique,Bendena,Doniphan
66010,Non-Unique,Blue Mound,Linn
66012,Non-Unique,Bonner Springs,Leavenworth
66013,Non-Unique,Bucyrus,Miami
66014,Non-Unique,Centerville,Linn
66015,Non-Unique,Colony,Anderson
66016,Non-Unique,Cummings,Atchison
66017,Non-Unique,Denton,Doniphan
66018,Non-Unique,De Soto,Johnson
66019,PO Box,Clearview City,Johnson
66020,Non-Unique,Easton,Leavenworth
66021,Non-Unique,Edgerton,Johnson
66023,Non-Unique,Effingham,Atchison
66024,PO Box,Elwood,Doniphan
66025,Non-Unique,Eudora,Douglas
66026,Non-Unique,Fontana,Miami
66027,Non-Unique,Fort Leavenworth,Leavenworth
66030,Non-Unique,Gardner,Johnson
66031,Non-Unique,New Century,Johnson
66032,Non-Unique,Garnett,Anderson
66033,Non-Unique,Greeley,Anderson
66035,Non-Unique,Highland,Doniphan
66036,PO Box,Hillsdale,Miami
66039,Non-Unique,Kincaid,Anderson
66040,Non-Unique,La Cygne,Linn
66041,Non-Unique,Lancaster,Atchison
66042,Non-Unique,Lane,Franklin
66043,Non-Unique,Lansing,Leavenworth
66044,Non-Unique,Lawrence,Douglas
66045,Non-Unique,Lawrence,Douglas
66046,Non-Unique,Lawrence,Douglas
66047,Non-Unique,Lawrence,Douglas
66048,Non-Unique,Leavenworth,Leavenworth
66049,Non-Unique,Lawrence,Douglas
66050,Non-Unique,Lecompton,Douglas
66051,PO Box,Olathe,Johnson
66052,Non-Unique,Linwood,Leavenworth
66053,Non-Unique,Louisburg,Miami
66054,Non-Unique,McLouth,Jefferson
66056,Non-Unique,Mound City,Linn
66058,Non-Unique,Muscotah,Atchison
66060,Non-Unique,Nortonville,Jefferson
66061,Non-Unique,Olathe,Johnson
66062,Non-Unique,Olathe,Johnson
66063,PO Box,Olathe,Johnson
66064,Non-Unique,Osawatomie,Miami
66066,Non-Unique,Oskaloosa,Jefferson
66067,Non-Unique,Ottawa,Franklin
66070,Non-Unique,Ozawkie,Jefferson
66071,Non-Unique,Paola,Miami
66072,Non-Unique,Parker,Linn
66073,Non-Unique,Perry,Jefferson
66075,Non-Unique,Pleasanton,Linn
66076,Non-Unique,Pomona,Franklin
66078,Non-Unique,Princeton,Franklin
66079,Non-Unique,Rantoul,Franklin
66080,Non-Unique,Richmond,Franklin
66083,Non-Unique,Spring Hill,Miami
66085,Non-Unique,Stilwell,Johnson
66086,Non-Unique,Tonganoxie,Leavenworth
66087,Non-Unique,Troy,Doniphan
66088,Non-Unique,Valley Falls,Jefferson
66090,Non-Unique,Wathena,Doniphan
66091,Non-Unique,Welda,Anderson
66092,Non-Unique,Wellsville,Franklin
66093,Non-Unique,Westphalia,Anderson
66094,Non-Unique,White Cloud,Doniphan
66095,Non-Unique,Williamsburg,Franklin
66097,Non-Unique,Winchester,Jefferson
66101,Non-Unique,Kansas City,Wyandotte
66102,Non-Unique,Kansas City,Wyandotte
66103,Non-Unique,Kansas City,Wyandotte
66104,Non-Unique,Kansas City,Wyandotte
66105,Non-Unique,Kansas City,Wyandotte
66106,Non-Unique,Kansas City,Wyandotte
66109,Non-Unique,Kansas City,Wyandotte
66110,PO Box,Kansas City,Wyandotte
66111,Non-Unique,Kansas City,Wyandotte
66112,Non-Unique,Kansas City,Wyandotte
66113,Non-Unique,Edwardsville,Wyandotte
66115,Non-Unique,Kansas City,Wyandotte
66117,PO Box,Kansas City,Wyandotte
66118,Non-Unique,Kansas City,Wyandotte
66119,PO Box,Kansas City,Wyandotte
66160,Non-Unique,Kansas City,Wyandotte
66201,PO Box,Mission,Johnson
66202,Non-Unique,Mission,Johnson
66203,Non-Unique,Shawnee,Johnson
66204,Non-Unique,Overland Park,Johnson
66205,Non-Unique,Mission,Johnson
66206,Non-Unique,Leawood,Johnson
66207,Non-Unique,Overland Park,Johnson
66208,Non-Unique,Prairie Village,Johnson
66209,Non-Unique,Leawood,Johnson
66210,Non-Unique,Overland Park,Johnson
66211,Non-Unique,Leawood,Johnson
66212,Non-Unique,Overland Park,Johnson
66213,Non-Unique,Overland Park,Johnson
66214,Non-Unique,Overland Park,Johnson
66215,Non-Unique,Lenexa,Johnson
66216,Non-Unique,Shawnee,Johnson
66217,Non-Unique,Shawnee,Johnson
66218,Non-Unique,Shawnee,Johnson
66219,Non-Unique,Lenexa,Johnson
66220,Non-Unique,Lenexa,Johnson
66221,Non-Unique,Overland Park,Johnson
66222,PO Box,Mission,Johnson
66223,Non-Unique,Overland Park,Johnson
66224,Non-Unique,Overland Park,Johnson
66225,PO Box,Overland Park,Johnson
66226,Non-Unique,Shawnee,Johnson
66227,Non-Unique,Lenexa,Johnson
66250,Unique,Shawnee Mission,Johnson
66251,Unique,Overland Park,Johnson
66276,Unique,Shawnee Mission,Johnson
66282,PO Box,Overland Park,Johnson
66283,PO Box,Overland Park,Johnson
66285,PO Box,Lenexa,Johnson
66286,PO Box,Shawnee,Johnson
66401,Non-Unique,Alma,Wabaunsee
66402,Non-Unique,Auburn,Shawnee
66403,Non-Unique,Axtell,Marshall
66404,Non-Unique,Baileyville,Nemaha
66406,Non-Unique,Beattie,Marshall
66407,Non-Unique,Belvue,Pottawatomie
66408,Non-Unique,Bern,Nemaha
66409,Non-Unique,Berryton,Shawnee
66411,Non-Unique,Blue Rapids,Marshall
66412,Non-Unique,Bremen,Marshall
66413,Non-Unique,Burlingame,Osage
66414,Non-Unique,Carbondale,Osage
66415,Non-Unique,Centralia,Nemaha
66416,Non-Unique,Circleville,Jackson
66417,Non-Unique,Corning,Nemaha
66418,Non-Unique,Delia,Jackson
66419,Non-Unique,Denison,Jackson
66420,PO Box,Dover,Shawnee
66422,Non-Unique,Emmett,Pottawatomie
66423,Non-Unique,Eskridge,Wabaunsee
66424,Non-Unique,Everest,Brown
66425,Non-Unique,Fairview,Brown
66426,PO Box,Fostoria,Pottawatomie
66427,Non-Unique,Frankfort,Marshall
66428,Non-Unique,Goff,Nemaha
66429,Non-Unique,Grantville,Jefferson
66431,Non-Unique,Harveyville,Wabaunsee
66432,Non-Unique,Havensville,Pottawatomie
66434,Non-Unique,Hiawatha,Brown
66436,Non-Unique,Holton,Jackson
66438,Non-Unique,Home,Marshall
66439,Non-Unique,Horton,Brown
66440,Non-Unique,Hoyt,Jackson
66441,Non-Unique,Junction City,Geary
66442,Non-Unique,Fort Riley,Geary
66449,Non-Unique,Leonardville,Riley
66451,Non-Unique,Lyndon,Osage
66501,PO Box,McFarland,Wabaunsee
66502,Non-Unique,Manhattan,Riley
66503,Non-Unique,Manhattan,Riley
66505,PO Box,Manhattan,Riley
66506,Non-Unique,Manhattan,Riley
66507,Non-Unique,Maple Hill,Wabaunsee
66508,Non-Unique,Marysville,Marshall
66509,Non-Unique,Mayetta,Jackson
66510,Non-Unique,Melvern,Osage
66512,Non-Unique,Meriden,Jefferson
66514,Non-Unique,Milford,Geary
66515,Non-Unique,Morrill,Brown
66516,Non-Unique,Netawaka,Jackson
66517,Non-Unique,Ogden,Riley
66518,Non-Unique,Oketo,Marshall
66520,Non-Unique,Olsburg,Pottawatomie
66521,Non-Unique,Onaga,Pottawatomie
66522,Non-Unique,Oneida,Nemaha
66523,Non-Unique,Osage City,Osage
66524,Non-Unique,Overbrook,Douglas
66526,Non-Unique,Paxico,Wabaunsee
66527,Non-Unique,Powhattan,Brown
66528,Non-Unique,Quenemo,Osage
66531,Non-Unique,Riley,Riley
66532,Non-Unique,Robinson,Brown
66533,Non-Unique,Rossville,Shawnee
66534,Non-Unique,Sabetha,Nemaha
66535,Non-Unique,Saint George,Pottawatomie
66536,Non-Unique,Saint Marys,Pottawatomie
66537,Non-Unique,Scranton,Osage
66538,Non-Unique,Seneca,Nemaha
66539,Non-Unique,Silver Lake,Shawnee
66540,Non-Unique,Soldier,Jackson
66541,Non-Unique,Summerfield,Marshall
66542,Non-Unique,Tecumseh,Shawnee
66543,Non-Unique,Vassar,Osage
66544,Non-Unique,Vermillion,Marshall
66546,Non-Unique,Wakarusa,Shawnee
66547,Non-Unique,Wamego,Pottawatomie
66548,Non-Unique,Waterville,Marshall
66549,Non-Unique,Westmoreland,Pottawatomie
66550,Non-Unique,Wetmore,Nemaha
66552,Non-Unique,Whiting,Jackson
66554,Non-Unique,Randolph,Riley
66601,PO Box,Topeka,Shawnee
66603,Non-Unique,Topeka,Shawnee
66604,Non-Unique,Topeka,Shawnee
66605,Non-Unique,Topeka,Shawnee
66606,Non-Unique,Topeka,Shawnee
66607,Non-Unique,Topeka,Shawnee
66608,Non-Unique,Topeka,Shawnee
66609,Non-Unique,Topeka,Shawnee
66610,Non-Unique,Topeka,Shawnee
66611,Non-Unique,Topeka,Shawnee
66612,Non-Unique,Topeka,Shawnee
66614,Non-Unique,Topeka,Shawnee
66615,Non-Unique,Topeka,Shawnee
66616,Non-Unique,Topeka,Shawnee
66617,Non-Unique,Topeka,Shawnee
66618,Non-Unique,Topeka,Shawnee
66619,Non-Unique,Topeka,Shawnee
66620,Unique,Topeka,Shawnee
66621,Non-Unique,Topeka,Shawnee
66622,Unique,Topeka,Shawnee
66624,Unique,Topeka,Shawnee
66625,Unique,Topeka,Shawnee
66626,Unique,Topeka,Shawnee
66629,Unique,Topeka,Shawnee
66636,Unique,Topeka,Shawnee
66647,PO Box,Topeka,Shawnee
66667,PO Box,Topeka,Shawnee
66675,PO Box,Topeka,Shawnee
66683,Non-Unique,Topeka,Shawnee
66699,Unique,Topeka,Shawnee
66701,Non-Unique,Fort Scott,Bourbon
66710,Non-Unique,Altoona,Wilson
66711,Non-Unique,Arcadia,Crawford
66712,Non-Unique,Arma,Crawford
66713,Non-Unique,Baxter Springs,Cherokee
66714,Non-Unique,Benedict,Wilson
66716,Non-Unique,Bronson,Bourbon
66717,Non-Unique,Buffalo,Wilson
66720,Non-Unique,Chanute,Neosho
66724,Non-Unique,Cherokee,Crawford
66725,Non-Unique,Columbus,Cherokee
66728,Non-Unique,Crestline,Cherokee
66732,Non-Unique,Elsmore,Allen
66733,Non-Unique,Erie,Neosho
66734,Non-Unique,Farlington,Crawford
66735,Non-Unique,Franklin,Crawford
66736,Non-Unique,Fredonia,Wilson
66738,Non-Unique,Fulton,Bourbon
66739,Non-Unique,Galena,Cherokee
66740,Non-Unique,Galesburg,Neosho
66741,Non-Unique,Garland,Bourbon
66742,PO Box,Gas,Allen
66743,Non-Unique,Girard,Crawford
66746,Non-Unique,Hepler,Crawford
66748,Non-Unique,Humboldt,Allen
66749,Non-Unique,Iola,Allen
66751,Non-Unique,La Harpe,Allen
66753,Non-Unique,McCune,Crawford
66754,Non-Unique,Mapleton,Bourbon
66755,Non-Unique,Moran,Allen
66756,Non-Unique,Mulberry,Crawford
66757,Non-Unique,Neodesha,Wilson
66758,Non-Unique,Neosho Falls,Woodson
66759,Non-Unique,New Albany,Wilson
66760,PO Box,Opolis,Crawford
66761,Non-Unique,Piqua,Woodson
66762,Non-Unique,Pittsburg,Crawford
66763,Non-Unique,Frontenac,Crawford
66767,Non-Unique,Prescott,Linn
66769,Non-Unique,Redfield,Bourbon
66770,Non-Unique,Riverton,Cherokee
66771,Non-Unique,Saint Paul,Neosho
66772,Non-Unique,Savonburg,Allen
66773,Non-Unique,Scammon,Cherokee
66775,Non-Unique,Stark,Neosho
66776,Non-Unique,Thayer,Neosho
66777,Non-Unique,Toronto,Woodson
66778,Non-Unique,Treece,Cherokee
66779,Non-Unique,Uniontown,Bourbon
66780,Non-Unique,Walnut,Crawford
66781,Non-Unique,Weir,Cherokee
66782,PO Box,West Mineral,Cherokee
66783,Non-Unique,Yates Center,Woodson
66801,Non-Unique,Emporia,Lyon
66830,Non-Unique,Admire,Lyon
66833,Non-Unique,Allen,Lyon
66834,Non-Unique,Alta Vista,Wabaunsee
66835,Non-Unique,Americus,Lyon
66838,Non-Unique,Burdick,Morris
66839,Non-Unique,Burlington,Coffey
66840,Non-Unique,Burns,Chase
66842,Non-Unique,Cassoday,Butler
66843,Non-Unique,Cedar Point,Chase
66845,Non-Unique,Cottonwood Falls,Chase
66846,Non-Unique,Council Grove,Morris
66849,Non-Unique,Dwight,Morris
66850,Non-Unique,Elmdale,Chase
66851,Non-Unique,Florence,Marion
66852,Non-Unique,Gridley,Coffey
66853,Non-Unique,Hamilton,Greenwood
66854,Non-Unique,Hartford,Lyon
66855,Non-Unique,Lamont,Greenwood
66856,Non-Unique,Lebo,Coffey
66857,Non-Unique,Le Roy,Coffey
66858,Non-Unique,Lincolnville,Marion
66859,Non-Unique,Lost Springs,Marion
66860,Non-Unique,Madison,Greenwood
66861,Non-Unique,Marion,Marion
66862,Non-Unique,Matfield Green,Chase
66863,PO Box,Neal,Greenwood
66864,Non-Unique,Neosho Rapids,Lyon
66865,Non-Unique,Olpe,Lyon
66866,Non-Unique,Peabody,Marion
66868,Non-Unique,Reading,Lyon
66869,Non-Unique,Strong City,Chase
66870,Non-Unique,Virgil,Greenwood
66871,Non-Unique,Waverly,Coffey
66872,Non-Unique,White City,Morris
66873,Non-Unique,Wilsey,Morris
66901,Non-Unique,Concordia,Cloud
66930,Non-Unique,Agenda,Republic
66932,Non-Unique,Athol,Smith
66933,Non-Unique,Barnes,Washington
66935,Non-Unique,Belleville,Republic
66936,Non-Unique,Burr Oak,Jewell
66937,Non-Unique,Clifton,Washington
66938,Non-Unique,Clyde,Cloud
66939,Non-Unique,Courtland,Republic
66940,Non-Unique,Cuba,Republic
66941,Non-Unique,Esbon,Jewell
66942,Non-Unique,Formoso,Jewell
66943,Non-Unique,Greenleaf,Washington
66944,Non-Unique,Haddam,Washington
66945,Non-Unique,Hanover,Washington
66946,Non-Unique,Hollenberg,Washington
66948,Non-Unique,Jamestown,Cloud
66949,Non-Unique,Jewell,Jewell
66951,Non-Unique,Kensington,Smith
66952,Non-Unique,Lebanon,Smith
66953,Non-Unique,Linn,Washington
66955,Non-Unique,Mahaska,Washington
66956,Non-Unique,Mankato,Jewell
66958,Non-Unique,Morrowville,Washington
66959,Non-Unique,Munden,Republic
66960,Non-Unique,Narka,Republic
66961,Non-Unique,Norway,Republic
66962,Non-Unique,Palmer,Washington
66963,Non-Unique,Randall,Jewell
66964,Non-Unique,Republic,Republic
66966,Non-Unique,Scandia,Republic
66967,Non-Unique,Smith Center,Smith
66968,Non-Unique,Washington,Washington
66970,Non-Unique,Webber,Jewell
67001,Non-Unique,Andale,Sedgwick
67002,Non-Unique,Andover,Butler
67003,Non-Unique,Anthony,Harper
67004,Non-Unique,Argonia,Sumner
67005,Non-Unique,Arkansas City,Cowley
67008,Non-Unique,Atlanta,Cowley
67009,Non-Unique,Attica,Harper
67010,Non-Unique,Augusta,Butler
67012,PO Box,Beaumont,Butler
67013,Non-Unique,Belle Plaine,Sumner
67016,Non-Unique,Bentley,Sedgwick
67017,Non-Unique,Benton,Butler
67018,Non-Unique,Bluff City,Harper
67019,Non-Unique,Burden,Cowley
67020,Non-Unique,Burrton,Harvey
67021,Non-Unique,Byers,Pratt
67022,Non-Unique,Caldwell,Sumner
67023,Non-Unique,Cambridge,Cowley
67024,Non-Unique,Cedar Vale,Chautauqua
67025,Non-Unique,Cheney,Sedgwick
67026,Non-Unique,Clearwater,Sedgwick
67028,Non-Unique,Coats,Pratt
67029,Non-Unique,Coldwater,Comanche
67030,Non-Unique,Colwich,Sedgwick
67031,Non-Unique,Conway Springs,Sumner
67035,Non-Unique,Cunningham,Kingman
67036,Non-Unique,Danville,Harper
67037,Non-Unique,Derby,Sedgwick
67038,Non-Unique,Dexter,Cowley
67039,Non-Unique,Douglass,Butler
67041,PO Box,Elbing,Butler
67042,Non-Unique,El Dorado,Butler
67045,Non-Unique,Eureka,Greenwood
67047,Non-Unique,Fall River,Greenwood
67049,Non-Unique,Freeport,Harper
67050,Non-Unique,Garden Plain,Sedgwick
67051,Non-Unique,Geuda Springs,Sumner
67052,Non-Unique,Goddard,Sedgwick
67053,Non-Unique,Goessel,Marion
67054,Non-Unique,Greensburg,Kiowa
67055,Non-Unique,Greenwich,Sedgwick
67056,Non-Unique,Halstead,Harvey
67057,Non-Unique,Hardtner,Barber
67058,Non-Unique,Harper,Harper
67059,Non-Unique,Haviland,Kiowa
67060,Non-Unique,Haysville,Sedgwick
67061,Non-Unique,Hazelton,Barber
67062,Non-Unique,Hesston,Harvey
67063,Non-Unique,Hillsboro,Marion
67065,Non-Unique,Isabel,Pratt
67066,Non-Unique,Iuka,Pratt
67067,Non-Unique,Kechi,Sedgwick
67068,Non-Unique,Kingman,Kingman
67070,Non-Unique,Kiowa,Barber
67071,Non-Unique,Lake City,Barber
67072,Non-Unique,Latham,Butler
67073,Non-Unique,Lehigh,Marion
67074,Non-Unique,Leon,Butler
67101,Non-Unique,Maize,Sedgwick
67102,Non-Unique,Maple City,Cowley
67103,Non-Unique,Mayfield,Sumner
67104,Non-Unique,Medicine Lodge,Barber
67105,Non-Unique,Milan,Sumner
67106,Non-Unique,Milton,Sumner
67107,Non-Unique,Moundridge,McPherson
67108,Non-Unique,Mount Hope,Sedgwick
67109,Non-Unique,Mullinville,Kiowa
67110,Non-Unique,Mulvane,Sumner
67111,Non-Unique,Murdock,Kingman
67112,Non-Unique,Nashville,Kingman
67114,Non-Unique,Newton,Harvey
67117,Non-Unique,North Newton,Harvey
67118,Non-Unique,Norwich,Kingman
67119,Non-Unique,Oxford,Sumner
67120,Non-Unique,Peck,Sumner
67122,Non-Unique,Piedmont,Greenwood
67123,Non-Unique,Potwin,Butler
67124,Non-Unique,Pratt,Pratt
67127,Non-Unique,Protection,Comanche
67131,Non-Unique,Rock,Cowley
67132,Non-Unique,Rosalia,Butler
67133,Non-Unique,Rose Hill,Butler
67134,Non-Unique,Sawyer,Pratt
67135,Non-Unique,Sedgwick,Harvey
67137,Non-Unique,Severy,Greenwood
67138,Non-Unique,Sharon,Barber
67140,Non-Unique,South Haven,Sumner
67142,Non-Unique,Spivey,Kingman
67143,Non-Unique,Sun City,Barber
67144,Non-Unique,Towanda,Butler
67146,Non-Unique,Udall,Cowley
67147,Non-Unique,Valley Center,Sedgwick
67149,Non-Unique,Viola,Sedgwick
67150,Non-Unique,Waldron,Harper
67151,Non-Unique,Walton,Harvey
67152,Non-Unique,Wellington,Sumner
67154,Non-Unique,Whitewater,Butler
67155,Non-Unique,Wilmore,Comanche
67156,Non-Unique,Winfield,Cowley
67159,Non-Unique,Zenda,Kingman
67201,PO Box,Wichita,Sedgwick
67202,Non-Unique,Wichita,Sedgwick
67203,Non-Unique,Wichita,Sedgwick
67204,Non-Unique,Wichita,Sedgwick
67205,Non-Unique,Wichita,Sedgwick
67206,Non-Unique,Wichita,Sedgwick
67207,Non-Unique,Wichita,Sedgwick
67208,Non-Unique,Wichita,Sedgwick
67209,Non-Unique,Wichita,Sedgwick
67210,Non-Unique,Wichita,Sedgwick
67211,Non-Unique,Wichita,Sedgwick
67212,Non-Unique,Wichita,Sedgwick
67213,Non-Unique,Wichita,Sedgwick
67214,Non-Unique,Wichita,Sedgwick
67215,Non-Unique,Wichita,Sedgwick
67216,Non-Unique,Wichita,Sedgwick
67217,Non-Unique,Wichita,Sedgwick
67218,Non-Unique,Wichita,Sedgwick
67219,Non-Unique,Wichita,Sedgwick
67220,Non-Unique,Wichita,Sedgwick
67221,Non-Unique,McConnell AFB,Sedgwick
67223,Non-Unique,Wichita,Sedgwick
67226,Non-Unique,Wichita,Sedgwick
67227,Non-Unique,Wichita,Sedgwick
67228,Non-Unique,Wichita,Sedgwick
67230,Non-Unique,Wichita,Sedgwick
67232,Non-Unique,Wichita,Sedgwick
67235,Non-Unique,Wichita,Sedgwick
67260,Non-Unique,Wichita,Sedgwick
67275,PO Box,Wichita,Sedgwick
67276,Non-Unique,Wichita,Sedgwick
67277,PO Box,Wichita,Sedgwick
67278,PO Box,Wichita,Sedgwick
67301,Non-Unique,Independence,Montgomery
67330,Non-Unique,Altamont,Labette
67332,Non-Unique,Bartlett,Labette
67333,Non-Unique,Caney,Montgomery
67334,PO Box,Chautauqua,Chautauqua
67335,Non-Unique,Cherryvale,Montgomery
67336,Non-Unique,Chetopa,Cherokee
67337,Non-Unique,Coffeyville,Montgomery
67340,PO Box,Dearing,Montgomery
67341,Non-Unique,Dennis,Labette
67342,Non-Unique,Edna,Labette
67344,Non-Unique,Elk City,Montgomery
67345,Non-Unique,Elk Falls,Elk
67346,Non-Unique,Grenola,Elk
67347,Non-Unique,Havana,Montgomery
67349,Non-Unique,Howard,Elk
67351,Non-Unique,Liberty,Montgomery
67352,Non-Unique,Longton,Elk
67353,Non-Unique,Moline,Elk
67354,Non-Unique,Mound Valley,Labette
67355,Non-Unique,Niotaze,Chautauqua
67356,Non-Unique,Oswego,Labette
67357,Non-Unique,Parsons,Labette
67360,Non-Unique,Peru,Chautauqua
67361,Non-Unique,Sedan,Chautauqua
67363,PO Box,Sycamore,Montgomery
67364,PO Box,Tyro,Montgomery
67401,Non-Unique,Salina,Saline
67402,PO Box,Salina,Saline
67410,Non-Unique,Abilene,Dickinson
67416,Non-Unique,Assaria,Saline
67417,Non-Unique,Aurora,Cloud
67418,Non-Unique,Barnard,Lincoln
67420,Non-Unique,Beloit,Mitchell
67422,Non-Unique,Bennington,Ottawa
67423,Non-Unique,Beverly,Lincoln
67425,Non-Unique,Brookville,Saline
67427,Non-Unique,Bushton,Rice
67428,Non-Unique,Canton,McPherson
67430,Non-Unique,Cawker City,Mitchell
67431,Non-Unique,Chapman,Dickinson
67432,Non-Unique,Clay Center,Clay
67436,Non-Unique,Delphos,Ottawa
67437,Non-Unique,Downs,Osborne
67438,Non-Unique,Durham,Marion
67439,Non-Unique,Ellsworth,Ellsworth
67441,Non-Unique,Enterprise,Dickinson
67442,Non-Unique,Falun,Saline
67443,Non-Unique,Galva,McPherson
67444,Non-Unique,Geneseo,Rice
67445,Non-Unique,Glasco,Cloud
67446,Non-Unique,Glen Elder,Mitchell
67447,Non-Unique,Green,Clay
67448,Non-Unique,Gypsum,Saline
67449,Non-Unique,Herington,Morris
67450,Non-Unique,Holyrood,Ellsworth
67451,Non-Unique,Hope,Dickinson
67452,Non-Unique,Hunter,Mitchell
67454,Non-Unique,Kanopolis,Ellsworth
67455,Non-Unique,Lincoln,Lincoln
67456,Non-Unique,Lindsborg,McPherson
67457,Non-Unique,Little River,Rice
67458,Non-Unique,Longford,Clay
67459,Non-Unique,Lorraine,Ellsworth
67460,Non-Unique,Mcpherson,McPherson
67464,Non-Unique,Marquette,McPherson
67466,Non-Unique,Miltonvale,Cloud
67467,Non-Unique,Minneapolis,Ottawa
67468,Non-Unique,Morganville,Clay
67470,Non-Unique,New Cambria,Saline
67473,Non-Unique,Osborne,Osborne
67474,Non-Unique,Portis,Osborne
67475,Non-Unique,Ramona,Marion
67476,Non-Unique,Roxbury,McPherson
67478,Non-Unique,Simpson,Mitchell
67480,Non-Unique,Solomon,Ottawa
67481,Non-Unique,Sylvan Grove,Lincoln
67482,Non-Unique,Talmage,Dickinson
67483,Non-Unique,Tampa,Marion
67484,Non-Unique,Tescott,Ottawa
67485,Non-Unique,Tipton,Mitchell
67487,Non-Unique,Wakefield,Clay
67490,Non-Unique,Wilson,Ellsworth
67491,Non-Unique,Windom,McPherson
67492,Non-Unique,Woodbine,Dickinson
67501,Non-Unique,Hutchinson,Reno
67502,Non-Unique,Hutchinson,Reno
67504,PO Box,Hutchinson,Reno
67505,Non-Unique,South Hutchinson,Reno
67510,Non-Unique,Abbyville,Reno
67511,Non-Unique,Albert,Barton
67512,Non-Unique,Alden,Rice
67513,Non-Unique,Alexander,Rush
67514,Non-Unique,Arlington,Reno
67515,Non-Unique,Arnold,Ness
67516,Non-Unique,Bazine,Ness
67518,Non-Unique,Beeler,Ness
67519,Non-Unique,Belpre,Edwards
67520,Non-Unique,Bison,Rush
67521,Non-Unique,Brownell,Ness
67522,Non-Unique,Buhler,Reno
67523,Non-Unique,Burdett,Pawnee
67524,Non-Unique,Chase,Rice
67525,Non-Unique,Claflin,Barton
67526,Non-Unique,Ellinwood,Barton
67529,Non-Unique,Garfield,Pawnee
67530,Non-Unique,Great Bend,Barton
67543,Non-Unique,Haven,Reno
67544,Non-Unique,Hoisington,Barton
67545,Non-Unique,Hudson,Stafford
67546,Non-Unique,Inman,McPherson
67547,Non-Unique,Kinsley,Edwards
67548,Non-Unique,La Crosse,Rush
67550,Non-Unique,Larned,Pawnee
67552,Non-Unique,Lewis,Edwards
67553,Non-Unique,Liebenthal,Rush
67554,Non-Unique,Lyons,Rice
67556,Non-Unique,McCracken,Rush
67557,Non-Unique,Macksville,Stafford
67559,Non-Unique,Nekoma,Rush
67560,Non-Unique,Ness City,Ness
67561,Non-Unique,Nickerson,Reno
67563,Non-Unique,Offerle,Edwards
67564,Non-Unique,Olmitz,Barton
67565,Non-Unique,Otis,Rush
67566,Non-Unique,Partridge,Reno
67567,Non-Unique,Pawnee Rock,Barton
67568,Non-Unique,Plevna,Reno
67570,Non-Unique,Pretty Prairie,Reno
67572,Non-Unique,Ransom,Ness
67573,Non-Unique,Raymond,Rice
67574,Non-Unique,Rozel,Pawnee
67575,Non-Unique,Rush Center,Rush
67576,Non-Unique,Saint John,Stafford
67578,Non-Unique,Stafford,Stafford
67579,Non-Unique,Sterling,Rice
67581,Non-Unique,Sylvia,Reno
67583,Non-Unique,Turon,Reno
67584,Non-Unique,Utica,Ness
67585,PO Box,Yoder,Reno
67601,Non-Unique,Hays,Ellis
67621,Non-Unique,Agra,Phillips
67622,Non-Unique,Almena,Norton
67623,Non-Unique,Alton,Osborne
67625,Non-Unique,Bogue,Graham
67626,Non-Unique,Bunker Hill,Russell
67627,Non-Unique,Catharine,Ellis
67628,Non-Unique,Cedar,Smith
67629,Non-Unique,Clayton,Norton
67631,Non-Unique,Collyer,Trego
67632,Non-Unique,Damar,Rooks
67634,Non-Unique,Dorrance,Russell
67635,Non-Unique,Dresden,Decatur
67637,Non-Unique,Ellis,Ellis
67638,Non-Unique,Gaylord,Smith
67639,Non-Unique,Glade,Phillips
67640,Non-Unique,Gorham,Russell
67642,Non-Unique,Hill City,Graham
67643,Non-Unique,Jennings,Decatur
67644,Non-Unique,Kirwin,Phillips
67645,Non-Unique,Lenora,Norton
67646,Non-Unique,Logan,Phillips
67647,Non-Unique,Long Island,Phillips
67648,Non-Unique,Lucas,Russell
67649,Non-Unique,Luray,Russell
67650,Non-Unique,Morland,Graham
67651,Non-Unique,Natoma,Osborne
67653,Non-Unique,Norcatur,Decatur
67654,Non-Unique,Norton,Norton
67656,Non-Unique,Ogallah,Trego
67657,Non-Unique,Palco,Rooks
67658,Non-Unique,Paradise,Russell
67659,Non-Unique,Penokee,Graham
67660,Non-Unique,Pfeifer,Ellis
67661,Non-Unique,Phillipsburg,Phillips
67663,Non-Unique,Plainville,Rooks
67664,Non-Unique,Prairie View,Phillips
67665,Non-Unique,Russell,Russell
67667,PO Box,Schoenchen,Ellis
67669,Non-Unique,Stockton,Rooks
67671,Non-Unique,Victoria,Ellis
67672,Non-Unique,WaKeeney,Trego
67673,Non-Unique,Waldo,Russell
67674,PO Box,Walker,Ellis
67675,Non-Unique,Woodston,Rooks
67701,Non-Unique,Colby,Thomas
67730,Non-Unique,Atwood,Rawlins
67731,Non-Unique,Bird City,Cheyenne
67732,Non-Unique,Brewster,Thomas
67733,Non-Unique,Edson,Sherman
67734,Non-Unique,Gem,Thomas
67735,Non-Unique,Goodland,Sherman
67736,Non-Unique,Gove,Gove
67737,Non-Unique,Grainfield,Gove
67738,Non-Unique,Grinnell,Gove
67739,Non-Unique,Herndon,Rawlins
67740,Non-Unique,Hoxie,Sheridan
67741,Non-Unique,Kanorado,Sherman
67743,Non-Unique,Levant,Thomas
67744,Non-Unique,Ludell,Rawlins
67745,Non-Unique,McDonald,Rawlins
67747,Non-Unique,Monument,Logan
67748,Non-Unique,Oakley,Logan
67749,Non-Unique,Oberlin,Decatur
67751,Non-Unique,Park,Gove
67752,Non-Unique,Quinter,Gove
67753,Non-Unique,Rexford,Thomas
67756,Non-Unique,Saint Francis,Cheyenne
67757,Non-Unique,Selden,Sheridan
67758,Non-Unique,Sharon Springs,Wallace
67761,Non-Unique,Wallace,Wallace
67762,Non-Unique,Weskan,Wallace
67764,Non-Unique,Winona,Logan
67801,Non-Unique,Dodge City,Ford
67831,Non-Unique,Ashland,Clark
67834,Non-Unique,Bucklin,Ford
67835,Non-Unique,Cimarron,Finney
67836,PO Box,Coolidge,Hamilton
67837,Non-Unique,Copeland,Gray
67838,Non-Unique,Deerfield,Kearny
67839,Non-Unique,Dighton,Lane
67840,Non-Unique,Englewood,Clark
67841,Non-Unique,Ensign,Gray
67842,Non-Unique,Ford,Ford
67843,Non-Unique,Fort Dodge,Ford
67844,Non-Unique,Fowler,Meade
67846,Non-Unique,Garden City,Finney
67849,Non-Unique,Hanston,Hodgeman
67850,Non-Unique,Healy,Lane
67851,Non-Unique,Holcomb,Finney
67853,Non-Unique,Ingalls,Gray
67854,Non-Unique,Jetmore,Hodgeman
67855,Non-Unique,Johnson,Stanton
67857,Non-Unique,Kendall,Hamilton
67859,Non-Unique,Kismet,Seward
67860,Non-Unique,Lakin,Kearny
67861,Non-Unique,Leoti,Wichita
67862,Non-Unique,Manter,Stanton
67863,Non-Unique,Marienthal,Scott
67864,Non-Unique,Meade,Meade
67865,Non-Unique,Minneola,Clark
67867,Non-Unique,Montezuma,Gray
67868,Non-Unique,Pierceville,Finney
67869,Non-Unique,Plains,Meade
67870,Non-Unique,Satanta,Seward
67871,Non-Unique,Scott City,Scott
67876,Non-Unique,Spearville,Ford
67877,Non-Unique,Sublette,Haskell
67878,Non-Unique,Syracuse,Hamilton
67879,Non-Unique,Tribune,Greeley
67880,Non-Unique,Ulysses,Grant
67882,Non-Unique,Wright,Ford
67901,Non-Unique,Liberal,Seward
67905,PO Box,Liberal,Seward
67950,Non-Unique,Elkhart,Morton
67951,Non-Unique,Hugoton,Stevens
67952,Non-Unique,Moscow,Stevens
67953,Non-Unique,Richfield,Morton
67954,Non-Unique,Rolla,Morton
63005,Non-Unique,Chesterfield,Saint Louis
63006,PO Box,Chesterfield,Saint Louis
63010,Non-Unique,Arnold,Jefferson
63011,Non-Unique,Ballwin,Saint Louis
63012,Non-Unique,Barnhart,Jefferson
63013,Non-Unique,Beaufort,Franklin
63014,Non-Unique,Berger,Franklin
63015,Non-Unique,Catawissa,Franklin
63016,Non-Unique,Cedar Hill,Jefferson
63017,Non-Unique,Chesterfield,Saint Louis
63019,Non-Unique,Crystal City,Jefferson
63020,Non-Unique,De Soto,Jefferson
63021,Non-Unique,Ballwin,Saint Louis
63022,PO Box,Ballwin,Saint Louis
63023,Non-Unique,Dittmer,Jefferson
63024,PO Box,Ballwin,Saint Louis
63025,Non-Unique,Eureka,Saint Louis
63026,Non-Unique,Fenton,Saint Louis
63028,Non-Unique,Festus,Jefferson
63030,Non-Unique,Fletcher,Washington
63031,Non-Unique,Florissant,Saint Louis
63032,PO Box,Florissant,Saint Louis
63033,Non-Unique,Florissant,Saint Louis
63034,Non-Unique,Florissant,Saint Louis
63036,Non-Unique,French Village,Saint Francois
63037,Non-Unique,Gerald,Franklin
63038,Non-Unique,Glencoe,Saint Louis
63039,Non-Unique,Gray Summit,Franklin
63040,Non-Unique,Grover,Saint Louis
63041,Non-Unique,Grubville,Franklin
63042,Non-Unique,Hazelwood,Saint Louis
63043,Non-Unique,Maryland Heights,Saint Louis
63044,Non-Unique,Bridgeton,Saint Louis
63045,Non-Unique,Earth City,Saint Louis
63047,PO Box,Hematite,Jefferson
63048,Non-Unique,Herculaneum,Jefferson
63049,Non-Unique,High Ridge,Jefferson
63050,Non-Unique,Hillsboro,Jefferson
63051,Non-Unique,House Springs,Jefferson
63052,Non-Unique,Imperial,Jefferson
63053,PO Box,Kimmswick,Jefferson
63055,Non-Unique,Labadie,Franklin
63056,Non-Unique,Leslie,Franklin
63057,PO Box,Liguori,Jefferson
63060,Non-Unique,Lonedell,Franklin
63061,Non-Unique,Luebbering,Franklin
63065,PO Box,Mapaville,Jefferson
63066,PO Box,Morse Mill,Jefferson
63068,Non-Unique,New Haven,Franklin
63069,Non-Unique,Pacific,Franklin
63070,Non-Unique,Pevely,Jefferson
63071,Non-Unique,Richwoods,Washington
63072,Non-Unique,Robertsville,Franklin
63073,PO Box,Saint Albans,Franklin
63074,Non-Unique,Saint Ann,Saint Louis
63077,Non-Unique,Saint Clair,Franklin
63079,PO Box,Stanton,Franklin
63080,Non-Unique,Sullivan,Franklin
63084,Non-Unique,Union,Franklin
63087,Non-Unique,Valles Mines,Saint Francois
63088,Non-Unique,Valley Park,Saint Louis
63089,Non-Unique,Villa Ridge,Franklin
63090,Non-Unique,Washington,Franklin
63091,Non-Unique,Rosebud,Gasconade
63099,Unique,Fenton,Saint Louis
63101,Non-Unique,Saint Louis,Saint Louis City
63102,Non-Unique,Saint Louis,Saint Louis City
63103,Non-Unique,Saint Louis,Saint Louis City
63104,Non-Unique,Saint Louis,Saint Louis City
63105,Non-Unique,Saint Louis,Saint Louis
63106,Non-Unique,Saint Louis,Saint Louis City
63107,Non-Unique,Saint Louis,Saint Louis City
63108,Non-Unique,Saint Louis,Saint Louis City
63109,Non-Unique,Saint Louis,Saint Louis City
63110,Non-Unique,Saint Louis,Saint Louis City
63111,Non-Unique,Saint Louis,Saint Louis City
63112,Non-Unique,Saint Louis,Saint Louis City
63113,Non-Unique,Saint Louis,Saint Louis City
63114,Non-Unique,Saint Louis,Saint Louis
63115,Non-Unique,Saint Louis,Saint Louis City
63116,Non-Unique,Saint Louis,Saint Louis City
63117,Non-Unique,Saint Louis,Saint Louis
63118,Non-Unique,Saint Louis,Saint Louis City
63119,Non-Unique,Saint Louis,Saint Louis
63120,Non-Unique,Saint Louis,Saint Louis City
63121,Non-Unique,Saint Louis,Saint Louis
63122,Non-Unique,Saint Louis,Saint Louis
63123,Non-Unique,Saint Louis,Saint Louis
63124,Non-Unique,Saint Louis,Saint Louis
63125,Non-Unique,Saint Louis,Saint Louis
63126,Non-Unique,Saint Louis,Saint Louis
63127,Non-Unique,Saint Louis,Saint Louis
63128,Non-Unique,Saint Louis,Saint Louis
63129,Non-Unique,Saint Louis,Saint Louis
63130,Non-Unique,Saint Louis,Saint Louis
63131,Non-Unique,Saint Louis,Saint Louis
63132,Non-Unique,Saint Louis,Saint Louis
63133,Non-Unique,Saint Louis,Saint Louis
63134,Non-Unique,Saint Louis,Saint Louis
63135,Non-Unique,Saint Louis,Saint Louis
63136,Non-Unique,Saint Louis,Saint Louis
63137,Non-Unique,Saint Louis,Saint Louis
63138,Non-Unique,Saint Louis,Saint Louis
63139,Non-Unique,Saint Louis,Saint Louis City
63140,Non-Unique,Saint Louis,Saint Louis
63141,Non-Unique,Saint Louis,Saint Louis
63143,Non-Unique,Saint Louis,Saint Louis
63144,Non-Unique,Saint Louis,Saint Louis
63145,Non-Unique,Saint Louis,Saint Louis
63146,Non-Unique,Saint Louis,Saint Louis
63147,Non-Unique,Saint Louis,Saint Louis City
63150,Unique,Saint Louis,Saint Louis City
63151,PO Box,Saint Louis,Saint Louis
63155,Non-Unique,Saint Louis,Saint Louis City
63156,PO Box,Saint Louis,Saint Louis City
63157,PO Box,Saint Louis,Saint Louis City
63158,PO Box,Saint Louis,Saint Louis City
63160,Unique,Saint Louis,Saint Louis City
63163,PO Box,Saint Louis,Saint Louis City
63164,Unique,Saint Louis,Saint Louis City
63166,PO Box,Saint Louis,Saint Louis City
63167,Unique,Saint Louis,Saint Louis City
63169,PO Box,Saint Louis,Saint Louis City
63171,Unique,Saint Louis,Saint Louis City
63177,PO Box,Saint Louis,Saint Louis City
63178,PO Box,Saint Louis,Saint Louis City
63179,PO Box,Saint Louis,Saint Louis City
63180,Unique,Saint Louis,Saint Louis City
63182,Unique,Saint Louis,Saint Louis City
63188,PO Box,Saint Louis,Saint Louis City
63195,Unique,Saint Louis,Saint Louis City
63197,Unique,Saint Louis,Saint Louis City
63199,Unique,Saint Louis,Saint Louis City
63301,Non-Unique,Saint Charles,Saint Charles
63302,PO Box,Saint Charles,Saint Charles
63303,Non-Unique,Saint Charles,Saint Charles
63304,Non-Unique,Saint Charles,Saint Charles
63330,Non-Unique,Annada,Pike
63332,Non-Unique,Augusta,Saint Charles
63333,Non-Unique,Bellflower,Montgomery
63334,Non-Unique,Bowling Green,Pike
63336,Non-Unique,Clarksville,Pike
63338,PO Box,Cottleville,Saint Charles
63339,Non-Unique,Curryville,Pike
63341,Non-Unique,Defiance,Saint Charles
63342,PO Box,Dutzow,Warren
63343,Non-Unique,Elsberry,Lincoln
63344,Non-Unique,Eolia,Lincoln
63345,Non-Unique,Farber,Audrain
63346,PO Box,Flinthill,Saint Charles
63347,Non-Unique,Foley,Lincoln
63348,Non-Unique,Foristell,Saint Charles
63349,Non-Unique,Hawk Point,Lincoln
63350,Non-Unique,High Hill,Montgomery
63351,Non-Unique,Jonesburg,Montgomery
63352,Non-Unique,Laddonia,Audrain
63353,Non-Unique,Louisiana,Pike
63357,Non-Unique,Marthasville,Warren
63359,Non-Unique,Middletown,Pike
63361,Non-Unique,Montgomery City,Montgomery
63362,Non-Unique,Moscow Mills,Lincoln
63363,Non-Unique,New Florence,Montgomery
63365,PO Box,New Melle,Saint Charles
63366,Non-Unique,O'Fallon,Saint Charles
63367,Non-Unique,Lake Saint Louis,Saint Charles
63368,Non-Unique,O'Fallon,Saint Charles
63369,Non-Unique,Old Monroe,Lincoln
63370,Non-Unique,Olney,Lincoln
63373,Non-Unique,Portage Des Sioux,Saint Charles
63376,Non-Unique,Saint Peters,Saint Charles
63377,Non-Unique,Silex,Lincoln
63378,PO Box,Treloar,Warren
63379,Non-Unique,Troy,Lincoln
63380,Non-Unique,Truesdale,Warren
63381,Non-Unique,Truxton,Warren
63382,Non-Unique,Vandalia,Audrain
63383,Non-Unique,Warrenton,Warren
63384,Non-Unique,Wellsville,Montgomery
63385,Non-Unique,Wentzville,Saint Charles
63386,Non-Unique,West Alton,Saint Charles
63387,PO Box,Whiteside,Lincoln
63388,Non-Unique,Williamsburg,Callaway
63389,Non-Unique,Winfield,Lincoln
63390,Non-Unique,Wright City,Warren
63401,Non-Unique,Hannibal,Marion
63430,Non-Unique,Alexandria,Clark
63431,Non-Unique,Anabel,Macon
63432,Non-Unique,Arbela,Scotland
63433,Non-Unique,Ashburn,Pike
63434,Non-Unique,Bethel,Shelby
63435,Non-Unique,Canton,Lewis
63436,Non-Unique,Center,Ralls
63437,Non-Unique,Clarence,Shelby
63438,Non-Unique,Durham,Lewis
63439,Non-Unique,Emden,Shelby
63440,Non-Unique,Ewing,Lewis
63441,Non-Unique,Frankford,Pike
63442,Non-Unique,Granger,Scotland
63443,Non-Unique,Hunnewell,Shelby
63445,Non-Unique,Kahoka,Clark
63446,Non-Unique,Knox City,Knox
63447,Non-Unique,La Belle,Lewis
63448,Non-Unique,La Grange,Lewis
63450,Non-Unique,Lentner,Shelby
63451,Non-Unique,Leonard,Shelby
63452,Non-Unique,Lewistown,Lewis
63453,Non-Unique,Luray,Clark
63454,Non-Unique,Maywood,Marion
63456,Non-Unique,Monroe City,Ralls
63457,Non-Unique,Monticello,Lewis
63458,Non-Unique,Newark,Knox
63459,Non-Unique,New London,Ralls
63460,Non-Unique,Novelty,Knox
63461,Non-Unique,Palmyra,Marion
63462,Non-Unique,Perry,Ralls
63463,Non-Unique,Philadelphia,Marion
63464,Non-Unique,Plevna,Knox
63465,Non-Unique,Revere,Clark
63466,Non-Unique,Saint Patrick,Clark
63467,PO Box,Saverton,Ralls
63468,Non-Unique,Shelbina,Shelby
63469,Non-Unique,Shelbyville,Shelby
63471,Non-Unique,Taylor,Marion
63472,Non-Unique,Wayland,Clark
63473,Non-Unique,Williamstown,Lewis
63474,Non-Unique,Wyaconda,Clark
63501,Non-Unique,Kirksville,Adair
63530,Non-Unique,Atlanta,Macon
63531,Non-Unique,Baring,Knox
63532,Non-Unique,Bevier,Macon
63533,Non-Unique,Brashear,Adair
63534,Non-Unique,Callao,Macon
63535,Non-Unique,Coatsville,Schuyler
63536,Non-Unique,Downing,Schuyler
63537,Non-Unique,Edina,Knox
63538,Non-Unique,Elmer,Macon
63539,Non-Unique,Ethel,Macon
63540,Non-Unique,Gibbs,Adair
63541,Non-Unique,Glenwood,Schuyler
63543,Non-Unique,Gorin,Scotland
63544,Non-Unique,Green Castle,Sullivan
63545,Non-Unique,Green City,Sullivan
63546,Non-Unique,Greentop,Adair
63547,Non-Unique,Hurdland,Knox
63548,Non-Unique,Lancaster,Schuyler
63549,Non-Unique,La Plata,Macon
63551,Non-Unique,Livonia,Putnam
63552,Non-Unique,Macon,Macon
63555,Non-Unique,Memphis,Scotland
63556,Non-Unique,Milan,Sullivan
63557,Non-Unique,New Boston,Linn
63558,Non-Unique,New Cambria,Macon
63559,Non-Unique,Novinger,Adair
63560,Non-Unique,Pollock,Sullivan
63561,Non-Unique,Queen City,Schuyler
63563,Non-Unique,Rutledge,Scotland
63565,Non-Unique,Unionville,Putnam
63566,Non-Unique,Winigan,Linn
63567,Non-Unique,Worthington,Putnam
63601,Non-Unique,Park Hills,Saint Francois
63620,Non-Unique,Annapolis,Iron
63621,Non-Unique,Arcadia,Iron
63622,Non-Unique,Belgrade,Washington
63623,Non-Unique,Belleview,Iron
63624,Non-Unique,Bismarck,Saint Francois
63625,Non-Unique,Black,Reynolds
63626,Non-Unique,Blackwell,Washington
63627,Non-Unique,Bloomsdale,Ste Genevieve
63628,Non-Unique,Bonne Terre,Saint Francois
63629,Non-Unique,Bunker,Reynolds
63630,Non-Unique,Cadet,Washington
63631,Non-Unique,Caledonia,Washington
63632,PO Box,Cascade,Wayne
63633,Non-Unique,Centerville,Reynolds
63636,Non-Unique,Des Arc,Iron
63637,Non-Unique,Doe Run,Saint Francois
63638,Non-Unique,Ellington,Reynolds
63640,Non-Unique,Farmington,Saint Francois
63645,Non-Unique,Fredericktown,Madison
63648,Non-Unique,Irondale,Washington
63650,Non-Unique,Ironton,Iron
63651,PO Box,Knob Lick,Saint Francois
63653,Non-Unique,Leadwood,Saint Francois
63654,Non-Unique,Lesterville,Reynolds
63655,Non-Unique,Marquand,Madison
63656,Non-Unique,Middle Brook,Iron
63660,Non-Unique,Mineral Point,Washington
63662,Non-Unique,Patton,Bollinger
63663,PO Box,Pilot Knob,Iron
63664,Non-Unique,Potosi,Washington
63665,Non-Unique,Redford,Reynolds
63666,PO Box,Reynolds,Reynolds
63670,Non-Unique,Sainte Genevieve,Ste Genevieve
63673,Non-Unique,Saint Mary,Ste Genevieve
63674,PO Box,Tiff,Washington
63675,Non-Unique,Vulcan,Iron
63701,Non-Unique,Cape Girardeau,Cape Girardeau
63702,PO Box,Cape Girardeau,Cape Girardeau
63703,Non-Unique,Cape Girardeau,Cape Girardeau
63730,Non-Unique,Advance,Stoddard
63732,Non-Unique,Altenburg,Perry
63735,Non-Unique,Bell City,Stoddard
63736,Non-Unique,Benton,Scott
63737,Non-Unique,Brazeau,Perry
63738,PO Box,Brownwood,Stoddard
63739,Non-Unique,Burfordville,Cape Girardeau
63740,Non-Unique,Chaffee,Scott
63742,PO Box,Commerce,Scott
63743,Non-Unique,Daisy,Cape Girardeau
63744,Non-Unique,Delta,Cape Girardeau
63745,PO Box,Dutchtown,Cape Girardeau
63746,PO Box,Farrar,Perry
63747,Non-Unique,Friedheim,Cape Girardeau
63748,Non-Unique,Frohna,Perry
63750,Non-Unique,Gipsy,Bollinger
63751,Non-Unique,Glenallen,Bollinger
63752,PO Box,Gordonville,Cape Girardeau
63755,Non-Unique,Jackson,Cape Girardeau
63758,PO Box,Kelso,Scott
63760,Non-Unique,Leopold,Bollinger
63763,Non-Unique,McGee,Wayne
63764,Non-Unique,Marble Hill,Bollinger
63766,Non-Unique,Millersville,Cape Girardeau
63767,PO Box,Morley,Scott
63769,Non-Unique,Oak Ridge,Cape Girardeau
63770,Non-Unique,Old Appleton,Cape Girardeau
63771,Non-Unique,Oran,Scott
63774,PO Box,Perkins,Scott
63775,Non-Unique,Perryville,Perry
63776,PO Box,McBride,Perry
63779,PO Box,Pocahontas,Cape Girardeau
63780,Non-Unique,Scott City,Scott
63781,Non-Unique,Sedgewickville,Bollinger
63782,Non-Unique,Sturdivant,Bollinger
63783,Non-Unique,Uniontown,Perry
63784,PO Box,Vanduser,Scott
63785,Non-Unique,Whitewater,Cape Girardeau
63787,Non-Unique,Zalma,Bollinger
63801,Non-Unique,Sikeston,Scott
63820,PO Box,Anniston,Mississippi
63821,Non-Unique,Arbyrd,Dunklin
63822,Non-Unique,Bernie,Stoddard
63823,Non-Unique,Bertrand,Mississippi
63824,PO Box,Blodgett,Scott
63825,Non-Unique,Bloomfield,Stoddard
63826,PO Box,Braggadocio,Pemiscot
63827,Non-Unique,Bragg City,Pemiscot
63828,PO Box,Canalou,New Madrid
63829,Non-Unique,Cardwell,Dunklin
63830,Non-Unique,Caruthersville,Pemiscot
63833,Non-Unique,Catron,New Madrid
63834,Non-Unique,Charleston,Mississippi
63837,Non-Unique,Clarkton,Dunklin
63839,PO Box,Cooter,Pemiscot
63840,PO Box,Deering,Pemiscot
63841,Non-Unique,Dexter,Stoddard
63845,Non-Unique,East Prairie,Mississippi
63846,Non-Unique,Essex,Stoddard
63847,PO Box,Gibson,Dunklin
63848,Non-Unique,Gideon,New Madrid
63849,Non-Unique,Gobler,Pemiscot
63850,PO Box,Grayridge,Stoddard
63851,Non-Unique,Hayti,Pemiscot
63852,Non-Unique,Holcomb,Dunklin
63853,PO Box,Holland,Pemiscot
63855,Non-Unique,Hornersville,Dunklin
63857,Non-Unique,Kennett,Dunklin
63860,PO Box,Kewanee,New Madrid
63862,Non-Unique,Lilbourn,New Madrid
63863,Non-Unique,Malden,Dunklin
63866,Non-Unique,Marston,New Madrid
63867,Non-Unique,Matthews,New Madrid
63868,Non-Unique,Morehouse,New Madrid
63869,Non-Unique,New Madrid,New Madrid
63870,Non-Unique,Parma,New Madrid
63873,Non-Unique,Portageville,New Madrid
63874,PO Box,Risco,New Madrid
63875,PO Box,Rives,Dunklin
63876,Non-Unique,Senath,Dunklin
63877,Non-Unique,Steele,Pemiscot
63878,PO Box,Tallapoosa,New Madrid
63879,Non-Unique,Wardell,Pemiscot
63880,PO Box,Whiteoak,Dunklin
63881,PO Box,Wolf Island,Mississippi
63882,PO Box,Wyatt,Mississippi
63901,Non-Unique,Poplar Bluff,Butler
63902,PO Box,Poplar Bluff,Butler
63931,Non-Unique,Briar,Ripley
63932,Non-Unique,Broseley,Butler
63933,Non-Unique,Campbell,Dunklin
63934,Non-Unique,Clubb,Wayne
63935,Non-Unique,Doniphan,Ripley
63936,Non-Unique,Dudley,Stoddard
63937,Non-Unique,Ellsinore,Carter
63938,PO Box,Fagus,Butler
63939,Non-Unique,Fairdealing,Ripley
63940,Non-Unique,Fisk,Butler
63941,Non-Unique,Fremont,Carter
63942,Non-Unique,Gatewood,Ripley
63943,Non-Unique,Grandin,Carter
63944,Non-Unique,Greenville,Wayne
63945,Non-Unique,Harviell,Butler
63950,Non-Unique,Lodi,Wayne
63951,Non-Unique,Lowndes,Wayne
63952,Non-Unique,Mill Spring,Wayne
63953,Non-Unique,Naylor,Ripley
63954,Non-Unique,Neelyville,Butler
63955,Non-Unique,Oxly,Ripley
63956,Non-Unique,Patterson,Wayne
63957,Non-Unique,Piedmont,Wayne
63960,Non-Unique,Puxico,Stoddard
63961,Non-Unique,Qulin,Butler
63962,PO Box,Rombauer,Butler
63963,Non-Unique,Shook,Wayne
63964,Non-Unique,Silva,Wayne
63965,Non-Unique,Van Buren,Carter
63966,Non-Unique,Wappapello,Wayne
63967,Non-Unique,Williamsville,Wayne
64001,Non-Unique,Alma,Lafayette
64002,Unique,Lee's Summit,Jackson
64011,Non-Unique,Bates City,Lafayette
64012,Non-Unique,Belton,Cass
64013,PO Box,Blue Springs,Jackson
64014,Non-Unique,Blue Springs,Jackson
64015,Non-Unique,Blue Springs,Jackson
64016,Non-Unique,Buckner,Jackson
64017,Non-Unique,Camden,Ray
64018,Non-Unique,Camden Point,Platte
64019,Non-Unique,Centerview,Johnson
64020,Non-Unique,Concordia,Lafayette
64021,Non-Unique,Corder,Lafayette
64022,Non-Unique,Dover,Lafayette
64024,Non-Unique,Excelsior Springs,Clay
64028,PO Box,Farley,Platte
64029,Non-Unique,Grain Valley,Jackson
64030,Non-Unique,Grandview,Jackson
64034,Non-Unique,Greenwood,Jackson
64035,Non-Unique,Hardin,Ray
64036,Non-Unique,Henrietta,Ray
64037,Non-Unique,Higginsville,Lafayette
64040,Non-Unique,Holden,Johnson
64048,Non-Unique,Holt,Clay
64050,Non-Unique,Independence,Jackson
64051,PO Box,Independence,Jackson
64052,Non-Unique,Independence,Jackson
64053,Non-Unique,Independence,Jackson
64054,Non-Unique,Independence,Jackson
64055,Non-Unique,Independence,Jackson
64056,Non-Unique,Independence,Jackson
64057,Non-Unique,Independence,Jackson
64058,Non-Unique,Independence,Jackson
64060,Non-Unique,Kearney,Clay
64061,Non-Unique,Kingsville,Johnson
64062,Non-Unique,Lawson,Ray
64063,Non-Unique,Lee's Summit,Jackson
64064,Non-Unique,Lee's Summit,Jackson
64065,Unique,Lee's Summit,Jackson
64066,PO Box,Levasy,Jackson
64067,Non-Unique,Lexington,Lafayette
64068,Non-Unique,Liberty,Clay
64069,PO Box,Liberty,Clay
64070,Non-Unique,Lone Jack,Jackson
64071,Non-Unique,Mayview,Lafayette
64072,PO Box,Missouri City,Clay
64073,PO Box,Mosby,Clay
64074,Non-Unique,Napoleon,Lafayette
64075,Non-Unique,Oak Grove,Jackson
64076,Non-Unique,Odessa,Lafayette
64077,Non-Unique,Orrick,Ray
64078,Non-Unique,Peculiar,Cass
64079,Non-Unique,Platte City,Platte
64080,Non-Unique,Pleasant Hill,Cass
64081,Non-Unique,Lee's Summit,Jackson
64082,Non-Unique,Lee's Summit,Jackson
64083,Non-Unique,Raymore,Cass
64084,Non-Unique,Rayville,Ray
64085,Non-Unique,Richmond,Ray
64086,Non-Unique,Lee's Summit,Jackson
64088,Non-Unique,Sibley,Jackson
64089,Non-Unique,Smithville,Clay
64090,PO Box,Strasburg,Cass
64092,PO Box,Waldron,Platte
64093,Non-Unique,Warrensburg,Johnson
64096,Non-Unique,Waverly,Lafayette
64097,Non-Unique,Wellington,Lafayette
64098,Non-Unique,Weston,Platte
64101,Non-Unique,Kansas City,Jackson
64102,Non-Unique,Kansas City,Jackson
64105,Non-Unique,Kansas City,Jackson
64106,Non-Unique,Kansas City,Jackson
64108,Non-Unique,Kansas City,Jackson
64109,Non-Unique,Kansas City,Jackson
64110,Non-Unique,Kansas City,Jackson
64111,Non-Unique,Kansas City,Jackson
64112,Non-Unique,Kansas City,Jackson
64113,Non-Unique,Kansas City,Jackson
64114,Non-Unique,Kansas City,Jackson
64116,Non-Unique,Kansas City,Clay
64117,Non-Unique,Kansas City,Clay
64118,Non-Unique,Kansas City,Clay
64119,Non-Unique,Kansas City,Clay
64120,Non-Unique,Kansas City,Jackson
64121,PO Box,Kansas City,Jackson
64123,Non-Unique,Kansas City,Jackson
64124,Non-Unique,Kansas City,Jackson
64125,Non-Unique,Kansas City,Jackson
64126,Non-Unique,Kansas City,Jackson
64127,Non-Unique,Kansas City,Jackson
64128,Non-Unique,Kansas City,Jackson
64129,Non-Unique,Kansas City,Jackson
64130,Non-Unique,Kansas City,Jackson
64131,Non-Unique,Kansas City,Jackson
64132,Non-Unique,Kansas City,Jackson
64133,Non-Unique,Kansas City,Jackson
64134,Non-Unique,Kansas City,Jackson
64136,Non-Unique,Kansas City,Jackson
64137,Non-Unique,Kansas City,Jackson
64138,Non-Unique,Kansas City,Jackson
64139,Non-Unique,Kansas City,Jackson
64141,PO Box,Kansas City,Jackson
64144,Unique,Kansas City,Jackson
64145,Non-Unique,Kansas City,Jackson
64146,Non-Unique,Kansas City,Jackson
64147,Non-Unique,Kansas City,Jackson
64148,PO Box,Kansas City,Jackson
64149,Non-Unique,Kansas City,Jackson
64150,Non-Unique,Riverside,Platte
64151,Non-Unique,Kansas City,Platte
64152,Non-Unique,Kansas City,Platte
64153,Non-Unique,Kansas City,Platte
64154,Non-Unique,Kansas City,Platte
64155,Non-Unique,Kansas City,Clay
64156,Non-Unique,Kansas City,Clay
64157,Non-Unique,Kansas City,Clay
64158,Non-Unique,Kansas City,Clay
64161,Non-Unique,Kansas City,Clay
64163,Non-Unique,Kansas City,Platte
64164,Non-Unique,Kansas City,Platte
64165,Non-Unique,Kansas City,Clay
64166,Non-Unique,Kansas City,Clay
64167,Non-Unique,Kansas City,Clay
64168,PO Box,Kansas City,Platte
64170,Unique,Kansas City,Jackson
64171,PO Box,Kansas City,Jackson
64179,Unique,Kansas City,Jackson
64180,Unique,Kansas City,Jackson
64184,Unique,Kansas City,Jackson
64187,Unique,Kansas City,Jackson
64188,PO Box,Kansas City,Jackson
64190,PO Box,Kansas City,Jackson
64191,PO Box,Kansas City,Jackson
64195,PO Box,Kansas City,Platte
64196,PO Box,Kansas City,Jackson
64197,Unique,Kansas City,Jackson
64198,Unique,Kansas City,Jackson
64199,PO Box,Kansas City,Jackson
64401,Non-Unique,Agency,Buchanan
64402,Non-Unique,Albany,Gentry
64420,PO Box,Allendale,Worth
64421,Non-Unique,Amazonia,Andrew
64422,Non-Unique,Amity,DeKalb
64423,Non-Unique,Barnard,Nodaway
64424,Non-Unique,Bethany,Harrison
64426,Non-Unique,Blythedale,Harrison
64427,Non-Unique,Bolckow,Andrew
64428,Non-Unique,Burlington Junction,Nodaway
64429,Non-Unique,Cameron,DeKalb
64430,Non-Unique,Clarksdale,DeKalb
64431,Non-Unique,Clearmont,Nodaway
64432,Non-Unique,Clyde,Nodaway
64433,Non-Unique,Conception,Nodaway
64434,Non-Unique,Conception Junction,Nodaway
64436,Non-Unique,Cosby,Andrew
64437,Non-Unique,Craig,Holt
64438,Non-Unique,Darlington,Gentry
64439,Non-Unique,Dearborn,Platte
64440,Non-Unique,De Kalb,Buchanan
64441,Non-Unique,Denver,Worth
64442,Non-Unique,Eagleville,Harrison
64443,Non-Unique,Easton,Buchanan
64444,Non-Unique,Edgerton,Platte
64445,Non-Unique,Elmo,Nodaway
64446,Non-Unique,Fairfax,Atchison
64448,Non-Unique,Faucett,Buchanan
64449,Non-Unique,Fillmore,Andrew
64451,Non-Unique,Forest City,Holt
64453,Non-Unique,Gentry,Gentry
64454,Non-Unique,Gower,Clinton
64455,Non-Unique,Graham,Nodaway
64456,Non-Unique,Grant City,Worth
64457,Non-Unique,Guilford,Nodaway
64458,Non-Unique,Hatfield,Harrison
64459,Non-Unique,Helena,Andrew
64461,Non-Unique,Hopkins,Nodaway
64463,Non-Unique,King City,Gentry
64465,Non-Unique,Lathrop,Clinton
64466,Non-Unique,Maitland,Holt
64467,Non-Unique,Martinsville,Harrison
64468,Non-Unique,Maryville,Nodaway
64469,Non-Unique,Maysville,DeKalb
64470,Non-Unique,Mound City,Holt
64471,Non-Unique,New Hampton,Harrison
64473,Non-Unique,Oregon,Holt
64474,Non-Unique,Osborn,DeKalb
64475,Non-Unique,Parnell,Nodaway
64476,Non-Unique,Pickering,Nodaway
64477,Non-Unique,Plattsburg,Clinton
64479,Non-Unique,Ravenwood,Nodaway
64480,Non-Unique,Rea,Andrew
64481,Non-Unique,Ridgeway,Harrison
64482,Non-Unique,Rock Port,Atchison
64483,Non-Unique,Rosendale,Andrew
64484,Non-Unique,Rushville,Buchanan
64485,Non-Unique,Savannah,Andrew
64486,Non-Unique,Sheridan,Worth
64487,Non-Unique,Skidmore,Nodaway
64489,Non-Unique,Stanberry,Gentry
64490,Non-Unique,Stewartsville,Clinton
64491,Non-Unique,Tarkio,Atchison
64492,Non-Unique,Trimble,Clinton
64493,Non-Unique,Turney,Clinton
64494,Non-Unique,Union Star,DeKalb
64496,Non-Unique,Watson,Atchison
64497,Non-Unique,Weatherby,DeKalb
64498,Non-Unique,Westboro,Atchison
64499,Non-Unique,Worth,Worth
64501,Non-Unique,Saint Joseph,Buchanan
64502,PO Box,Saint Joseph,Buchanan
64503,Non-Unique,Saint Joseph,Buchanan
64504,Non-Unique,Saint Joseph,Buchanan
64505,Non-Unique,Saint Joseph,Andrew
64506,Non-Unique,Saint Joseph,Buchanan
64507,Non-Unique,Saint Joseph,Buchanan
64508,PO Box,Saint Joseph,Buchanan
64601,Non-Unique,Chillicothe,Livingston
64620,Non-Unique,Altamont,Daviess
64622,Non-Unique,Bogard,Carroll
64623,Non-Unique,Bosworth,Carroll
64624,Non-Unique,Braymer,Caldwell
64625,Non-Unique,Breckenridge,Caldwell
64628,Non-Unique,Brookfield,Linn
64630,Non-Unique,Browning,Linn
64631,Non-Unique,Bucklin,Linn
64632,Non-Unique,Cainsville,Mercer
64633,Non-Unique,Carrollton,Carroll
64635,Non-Unique,Chula,Livingston
64636,Non-Unique,Coffey,Daviess
64637,Non-Unique,Cowgill,Caldwell
64638,Non-Unique,Dawn,Livingston
64639,Non-Unique,De Witt,Carroll
64640,Non-Unique,Gallatin,Daviess
64641,Non-Unique,Galt,Grundy
64642,Non-Unique,Gilman City,Harrison
64643,Non-Unique,Hale,Carroll
64644,Non-Unique,Hamilton,Caldwell
64645,Non-Unique,Harris,Sullivan
64646,Non-Unique,Humphreys,Sullivan
64647,Non-Unique,Jameson,Daviess
64648,Non-Unique,Jamesport,Daviess
64649,Non-Unique,Kidder,Caldwell
64650,Non-Unique,Kingston,Caldwell
64651,Non-Unique,Laclede,Linn
64652,Non-Unique,Laredo,Grundy
64653,Non-Unique,Linneus,Linn
64654,Non-Unique,Lock Springs,Daviess
64655,Non-Unique,Lucerne,Putnam
64656,Non-Unique,Ludlow,Livingston
64657,Non-Unique,McFall,Gentry
64658,Non-Unique,Marceline,Chariton
64659,Non-Unique,Meadville,Linn
64660,Non-Unique,Mendon,Chariton
64661,Non-Unique,Mercer,Mercer
64664,Non-Unique,Mooresville,Livingston
64667,Non-Unique,Newtown,Sullivan
64668,Non-Unique,Norborne,Carroll
64670,Non-Unique,Pattonsburg,Daviess
64671,Non-Unique,Polo,Caldwell
64672,Non-Unique,Powersville,Putnam
64673,Non-Unique,Princeton,Mercer
64674,Non-Unique,Purdin,Linn
64676,Non-Unique,Rothville,Chariton
64679,Non-Unique,Spickard,Grundy
64680,PO Box,Stet,Carroll
64681,Non-Unique,Sumner,Chariton
64682,Non-Unique,Tina,Carroll
64683,Non-Unique,Trenton,Grundy
64686,Non-Unique,Utica,Livingston
64688,Non-Unique,Wheeling,Livingston
64689,Non-Unique,Winston,Daviess
64701,Non-Unique,Harrisonville,Cass
64720,Non-Unique,Adrian,Bates
64722,Non-Unique,Amoret,Bates
64723,Non-Unique,Amsterdam,Bates
64724,Non-Unique,Appleton City,Saint Clair
64725,Non-Unique,Archie,Cass
64726,Non-Unique,Blairstown,Henry
64728,Non-Unique,Bronaugh,Vernon
64730,Non-Unique,Butler,Bates
64733,Non-Unique,Chilhowee,Johnson
64734,Non-Unique,Cleveland,Cass
64735,Non-Unique,Clinton,Henry
64738,Non-Unique,Collins,Saint Clair
64739,Non-Unique,Creighton,Cass
64740,Non-Unique,Deepwater,Henry
64741,Non-Unique,Deerfield,Vernon
64742,Non-Unique,Drexel,Cass
64743,PO Box,East Lynne,Cass
64744,Non-Unique,El Dorado Springs,Cedar
64745,Non-Unique,Foster,Bates
64746,Non-Unique,Freeman,Cass
64747,Non-Unique,Garden City,Cass
64748,Non-Unique,Golden City,Barton
64750,Non-Unique,Harwood,Vernon
64752,Non-Unique,Hume,Vernon
64755,Non-Unique,Jasper,Jasper
64756,Non-Unique,Jerico Springs,Cedar
64759,Non-Unique,Lamar,Barton
64761,Non-Unique,Leeton,Johnson
64762,Non-Unique,Liberal,Barton
64763,Non-Unique,Lowry City,Saint Clair
64765,PO Box,Metz,Vernon
64766,PO Box,Milford,Barton
64767,Non-Unique,Milo,Vernon
64769,Non-Unique,Mindenmines,Barton
64770,Non-Unique,Montrose,Henry
64771,Non-Unique,Moundville,Vernon
64772,Non-Unique,Nevada,Vernon
64776,Non-Unique,Osceola,Saint Clair
64778,Non-Unique,Richards,Vernon
64779,Non-Unique,Rich Hill,Bates
64780,Non-Unique,Rockville,Bates
64781,PO Box,Roscoe,Saint Clair
64783,Non-Unique,Schell City,Vernon
64784,Non-Unique,Sheldon,Vernon
64788,Non-Unique,Urich,Henry
64790,Non-Unique,Walker,Vernon
64801,Non-Unique,Joplin,Jasper
64802,PO Box,Joplin,Jasper
64803,PO Box,Joplin,Jasper
64804,Non-Unique,Joplin,Newton
64830,PO Box,Alba,Jasper
64831,Non-Unique,Anderson,McDonald
64832,Non-Unique,Asbury,Jasper
64833,Non-Unique,Avilla,Jasper
64834,Non-Unique,Carl Junction,Jasper
64835,Non-Unique,Carterville,Jasper
64836,Non-Unique,Carthage,Jasper
64840,Non-Unique,Diamond,Newton
64841,PO Box,Duenweg,Jasper
64842,Non-Unique,Fairview,Newton
64843,Non-Unique,Goodman,McDonald
64844,Non-Unique,Granby,Newton
64847,Non-Unique,Lanagan,McDonald
64848,Non-Unique,La Russell,Lawrence
64849,PO Box,Neck City,Jasper
64850,Non-Unique,Neosho,Newton
64853,PO Box,Newtonia,Newton
64854,Non-Unique,Noel,McDonald
64855,Non-Unique,Oronogo,Jasper
64856,Non-Unique,Pineville,McDonald
64857,PO Box,Purcell,Jasper
64858,PO Box,Racine,Newton
64859,Non-Unique,Reeds,Jasper
64861,Non-Unique,Rocky Comfort,McDonald
64862,Non-Unique,Sarcoxie,Jasper
64863,Non-Unique,South West City,McDonald
64864,PO Box,Saginaw,Newton
64865,Non-Unique,Seneca,Newton
64866,Non-Unique,Stark City,Newton
64867,Non-Unique,Stella,McDonald
64868,Non-Unique,Tiff City,McDonald
64870,Non-Unique,Webb City,Jasper
64873,Non-Unique,Wentworth,Newton
64874,Non-Unique,Wheaton,Barry
64999,Unique,Kansas City,Jackson
65001,Non-Unique,Argyle,Osage
65010,Non-Unique,Ashland,Boone
65011,Non-Unique,Barnett,Morgan
65013,Non-Unique,Belle,Maries
65014,Non-Unique,Bland,Gasconade
65016,Non-Unique,Bonnots Mill,Osage
65017,Non-Unique,Brumley,Miller
65018,Non-Unique,California,Moniteau
65020,Non-Unique,Camdenton,Camden
65023,Non-Unique,Centertown,Cole
65024,Non-Unique,Chamois,Osage
65025,Non-Unique,Clarksburg,Moniteau
65026,Non-Unique,Eldon,Miller
65032,Non-Unique,Eugene,Miller
65034,Non-Unique,Fortuna,Morgan
65035,Non-Unique,Freeburg,Osage
65036,PO Box,Gasconade,Gasconade
65037,Non-Unique,Gravois Mills,Morgan
65038,PO Box,Laurie,Morgan
65039,Non-Unique,Hartsburg,Boone
65040,Non-Unique,Henley,Cole
65041,Non-Unique,Hermann,Gasconade
65042,Non-Unique,High Point,Moniteau
65043,Non-Unique,Holts Summit,Callaway
65046,Non-Unique,Jamestown,Moniteau
65047,Non-Unique,Kaiser,Miller
65048,Non-Unique,Koeltztown,Osage
65049,Non-Unique,Lake Ozark,Camden
65050,Non-Unique,Latham,Moniteau
65051,Non-Unique,Linn,Osage
65052,Non-Unique,Linn Creek,Camden
65053,Non-Unique,Lohman,Cole
65054,Non-Unique,Loose Creek,Osage
65055,PO Box,McGirk,Moniteau
65058,Non-Unique,Meta,Maries
65059,Non-Unique,Mokane,Callaway
65061,Non-Unique,Morrison,Gasconade
65062,Non-Unique,Mount Sterling,Gasconade
65063,Non-Unique,New Bloomfield,Callaway
65064,Non-Unique,Olean,Miller
65065,Non-Unique,Osage Beach,Camden
65066,Non-Unique,Owensville,Gasconade
65067,Non-Unique,Portland,Callaway
65068,Non-Unique,Prairie Home,Cooper
65069,Non-Unique,Rhineland,Montgomery
65072,Non-Unique,Rocky Mount,Morgan
65074,Non-Unique,Russellville,Cole
65075,Non-Unique,Saint Elizabeth,Miller
65076,Non-Unique,Saint Thomas,Cole
65077,Non-Unique,Steedman,Callaway
65078,Non-Unique,Stover,Morgan
65079,Non-Unique,Sunrise Beach,Camden
65080,Non-Unique,Tebbetts,Callaway
65081,Non-Unique,Tipton,Moniteau
65082,Non-Unique,Tuscumbia,Miller
65083,Non-Unique,Ulman,Miller
65084,Non-Unique,Versailles,Morgan
65085,Non-Unique,Westphalia,Osage
65101,Non-Unique,Jefferson City,Cole
65102,PO Box,Jefferson City,Cole
65103,Unique,Jefferson City,Cole
65104,Unique,Jefferson City,Cole
65105,Unique,Jefferson City,Cole
65106,Unique,Jefferson City,Cole
65107,Unique,Jefferson City,Cole
65108,Unique,Jefferson City,Cole
65109,Non-Unique,Jefferson City,Cole
65110,PO Box,Jefferson City,Cole
65111,Unique,Jefferson City,Cole
65201,Non-Unique,Columbia,Boone
65202,Non-Unique,Columbia,Boone
65203,Non-Unique,Columbia,Boone
65205,PO Box,Columbia,Boone
65211,Non-Unique,Columbia,Boone
65212,Unique,Columbia,Boone
65215,Non-Unique,Columbia,Boone
65216,Non-Unique,Columbia,Boone
65217,Unique,Columbia,Boone
65218,Unique,Columbia,Boone
65230,Non-Unique,Armstrong,Howard
65231,Non-Unique,Auxvasse,Callaway
65232,Non-Unique,Benton City,Audrain
65233,Non-Unique,Boonville,Cooper
65236,Non-Unique,Brunswick,Chariton
65237,Non-Unique,Bunceton,Cooper
65239,Non-Unique,Cairo,Randolph
65240,Non-Unique,Centralia,Audrain
65243,Non-Unique,Clark,Randolph
65244,Non-Unique,Clifton Hill,Randolph
65246,Non-Unique,Dalton,Chariton
65247,Non-Unique,Excello,Macon
65248,Non-Unique,Fayette,Howard
65250,Non-Unique,Franklin,Howard
65251,Non-Unique,Fulton,Callaway
65254,Non-Unique,Glasgow,Howard
65255,Non-Unique,Hallsville,Boone
65256,Non-Unique,Harrisburg,Boone
65257,Non-Unique,Higbee,Howard
65258,Non-Unique,Holliday,Monroe
65259,Non-Unique,Huntsville,Randolph
65260,Non-Unique,Jacksonville,Randolph
65261,Non-Unique,Keytesville,Chariton
65262,Non-Unique,Kingdom City,Callaway
65263,Non-Unique,Madison,Monroe
65264,Non-Unique,Martinsburg,Audrain
65265,Non-Unique,Mexico,Audrain
65270,Non-Unique,Moberly,Randolph
65274,Non-Unique,New Franklin,Howard
65275,Non-Unique,Paris,Monroe
65276,Non-Unique,Pilot Grove,Cooper
65278,PO Box,Renick,Randolph
65279,Non-Unique,Rocheport,Boone
65280,Non-Unique,Rush Hill,Audrain
65281,Non-Unique,Salisbury,Chariton
65282,Non-Unique,Santa Fe,Monroe
65283,Non-Unique,Stoutsville,Monroe
65284,Non-Unique,Sturgeon,Boone
65285,Non-Unique,Thompson,Audrain
65286,Non-Unique,Triplett,Chariton
65287,Non-Unique,Wooldridge,Cooper
65299,Non-Unique,Columbia,Boone
65301,Non-Unique,Sedalia,Pettis
65302,PO Box,Sedalia,Pettis
65305,Non-Unique,Whiteman AFB,Johnson
65320,PO Box,Arrow Rock,Saline
65321,Non-Unique,Blackburn,Saline
65322,Non-Unique,Blackwater,Cooper
65323,Non-Unique,Calhoun,Henry
65324,Non-Unique,Climax Springs,Camden
65325,Non-Unique,Cole Camp,Benton
65326,Non-Unique,Edwards,Benton
65327,PO Box,Emma,Saline
65329,Non-Unique,Florence,Morgan
65330,Non-Unique,Gilliam,Saline
65332,Non-Unique,Green Ridge,Pettis
65333,Non-Unique,Houstonia,Pettis
65334,Non-Unique,Hughesville,Pettis
65335,Non-Unique,Ionia,Pettis
65336,Non-Unique,Knob Noster,Johnson
65337,Non-Unique,La Monte,Pettis
65338,Non-Unique,Lincoln,Benton
65339,Non-Unique,Malta Bend,Saline
65340,Non-Unique,Marshall,Saline
65344,Non-Unique,Miami,Saline
65345,Non-Unique,Mora,Benton
65347,Non-Unique,Nelson,Saline
65348,Non-Unique,Otterville,Cooper
65349,Non-Unique,Slater,Saline
65350,Non-Unique,Smithton,Pettis
65351,Non-Unique,Sweet Springs,Saline
65354,Non-Unique,Syracuse,Morgan
65355,Non-Unique,Warsaw,Benton
65360,Non-Unique,Windsor,Henry
65401,Non-Unique,Rolla,Phelps
65402,PO Box,Rolla,Phelps
65409,Non-Unique,Rolla,Phelps
65436,Non-Unique,Beulah,Phelps
65438,Non-Unique,Birch Tree,Shannon
65439,Non-Unique,Bixby,Iron
65440,Non-Unique,Boss,Dent
65441,Non-Unique,Bourbon,Crawford
65443,Non-Unique,Brinktown,Maries
65444,Non-Unique,Bucyrus,Texas
65446,Non-Unique,Cherryville,Crawford
65449,Non-Unique,Cook Station,Crawford
65452,Non-Unique,Crocker,Pulaski
65453,Non-Unique,Cuba,Crawford
65456,Non-Unique,Davisville,Crawford
65457,Non-Unique,Devils Elbow,Pulaski
65459,Non-Unique,Dixon,Pulaski
65461,Non-Unique,Duke,Phelps
65462,Non-Unique,Edgar Springs,Phelps
65463,Non-Unique,Eldridge,Laclede
65464,Non-Unique,Elk Creek,Texas
65466,Non-Unique,Eminence,Shannon
65468,Non-Unique,Eunice,Texas
65470,Non-Unique,Falcon,Laclede
65473,Non-Unique,Fort Leonard Wood,Pulaski
65479,Non-Unique,Hartshorn,Texas
65483,Non-Unique,Houston,Texas
65484,Non-Unique,Huggins,Texas
65486,Non-Unique,Iberia,Miller
65501,Non-Unique,Jadwin,Dent
65529,Non-Unique,Jerome,Phelps
65532,PO Box,Lake Spring,Dent
65534,Non-Unique,Laquey,Pulaski
65535,Non-Unique,Leasburg,Crawford
65536,Non-Unique,Lebanon,Laclede
65541,Non-Unique,Lenox,Dent
65542,Non-Unique,Licking,Texas
65543,Non-Unique,Lynchburg,Laclede
65546,PO Box,Montier,Shannon
65548,Non-Unique,Mountain View,Howell
65550,Non-Unique,Newburg,Phelps
65552,Non-Unique,Plato,Texas
65555,Non-Unique,Raymondville,Texas
65556,Non-Unique,Richland,Pulaski
65557,Non-Unique,Roby,Texas
65559,Non-Unique,Saint James,Phelps
65560,Non-Unique,Salem,Dent
65564,Non-Unique,Solo,Texas
65565,Non-Unique,Steelville,Crawford
65566,Non-Unique,Viburnum,Crawford
65567,Non-Unique,Stoutland,Camden
65570,Non-Unique,Success,Texas
65571,Non-Unique,Summersville,Texas
65580,Non-Unique,Vichy,Maries
65582,Non-Unique,Vienna,Maries
65583,Non-Unique,Waynesville,Pulaski
65584,Non-Unique,Saint Robert,Pulaski
65586,Non-Unique,Wesco,Crawford
65588,Non-Unique,Winona,Shannon
65589,Non-Unique,Yukon,Texas
65590,Non-Unique,Long Lane,Dallas
65591,Non-Unique,Montreal,Camden
65601,Non-Unique,Aldrich,Polk
65603,Non-Unique,Arcola,Dade
65604,Non-Unique,Ash Grove,Greene
65605,Non-Unique,Aurora,Barry
65606,Non-Unique,Alton,Oregon
65607,PO Box,Caplinger Mills,Cedar
65608,Non-Unique,Ava,Douglas
65609,Non-Unique,Bakersfield,Ozark
65610,Non-Unique,Billings,Christian
65611,Non-Unique,Blue Eye,Stone
65612,Non-Unique,Bois D'Arc,Greene
65613,Non-Unique,Bolivar,Polk
65614,Non-Unique,Bradleyville,Taney
65615,PO Box,Branson,Taney
65616,Non-Unique,Branson,Taney
65617,Non-Unique,Brighton,Polk
65618,Non-Unique,Brixey,Ozark
65619,Non-Unique,Brookline,Greene
65620,Non-Unique,Bruner,Christian
65622,Non-Unique,Buffalo,Dallas
65623,Non-Unique,Butterfield,Barry
65624,Non-Unique,Cape Fair,Stone
65625,Non-Unique,Cassville,Barry
65626,Non-Unique,Caulfield,Howell
65627,Non-Unique,Cedarcreek,Taney
65629,Non-Unique,Chadwick,Christian
65630,Non-Unique,Chestnutridge,Christian
65631,Non-Unique,Clever,Christian
65632,Non-Unique,Conway,Laclede
65633,Non-Unique,Crane,Stone
65634,Non-Unique,Cross Timbers,Hickory
65635,Non-Unique,Dadeville,Dade
65636,PO Box,Diggins,Webster
65637,Non-Unique,Dora,Ozark
65638,Non-Unique,Drury,Douglas
65640,Non-Unique,Dunnegan,Polk
65641,Non-Unique,Eagle Rock,Barry
65644,Non-Unique,Elkland,Webster
65645,PO Box,Eudora,Polk
65646,Non-Unique,Everton,Dade
65647,Non-Unique,Exeter,Barry
65648,Non-Unique,Fair Grove,Greene
65649,Non-Unique,Fair Play,Cedar
65650,Non-Unique,Flemington,Polk
65652,Non-Unique,Fordland,Webster
65653,Non-Unique,Forsyth,Taney
65654,Non-Unique,Freistatt,Lawrence
65655,Non-Unique,Gainesville,Ozark
65656,Non-Unique,Galena,Stone
65657,Non-Unique,Garrison,Christian
65658,Non-Unique,Golden,Barry
65660,Non-Unique,Graff,Wright
65661,Non-Unique,Greenfield,Dade
65662,Non-Unique,Grovespring,Wright
65663,Non-Unique,Half Way,Polk
65664,PO Box,Halltown,Lawrence
65666,Non-Unique,Hardenville,Ozark
65667,Non-Unique,Hartville,Wright
65668,Non-Unique,Hermitage,Hickory
65669,Non-Unique,Highlandville,Christian
65672,Non-Unique,Hollister,Taney
65673,PO Box,Hollister,Taney
65674,Non-Unique,Humansville,Polk
65675,Non-Unique,Hurley,Stone
65676,Non-Unique,Isabella,Ozark
65679,Non-Unique,Kirbyville,Taney
65680,Non-Unique,Kissee Mills,Taney
65681,Non-Unique,Lampe,Stone
65682,Non-Unique,Lockwood,Dade
65685,Non-Unique,Louisburg,Dallas
65686,Non-Unique,Kimberling City,Stone
65688,Non-Unique,Brandsville,Howell
65689,Non-Unique,Cabool,Texas
65690,Non-Unique,Couch,Oregon
65692,Non-Unique,Koshkonong,Oregon
65701,Non-Unique,McClurg,Taney
65702,Non-Unique,Macomb,Wright
65704,Non-Unique,Mansfield,Wright
65705,Non-Unique,Marionville,Lawrence
65706,Non-Unique,Marshfield,Webster
65707,Non-Unique,Miller,Lawrence
65708,Non-Unique,Monett,Barry
65710,Non-Unique,Morrisville,Polk
65711,Non-Unique,Mountain Grove,Wright
65712,Non-Unique,Mount Vernon,Lawrence
65713,Non-Unique,Niangua,Webster
65714,Non-Unique,Nixa,Christian
65715,Non-Unique,Noble,Ozark
65717,Non-Unique,Norwood,Wright
65720,Non-Unique,Oldfield,Christian
65721,Non-Unique,Ozark,Christian
65722,Non-Unique,Phillipsburg,Laclede
65723,Non-Unique,Pierce City,Lawrence
65724,Non-Unique,Pittsburg,Hickory
65725,Non-Unique,Pleasant Hope,Polk
65726,PO Box,Point Lookout,Taney
65727,Non-Unique,Polk,Polk
65728,Non-Unique,Ponce De Leon,Christian
65729,Non-Unique,Pontiac,Ozark
65730,Non-Unique,Powell,McDonald
65731,Non-Unique,Powersite,Taney
65732,Non-Unique,Preston,Hickory
65733,Non-Unique,Protem,Taney
65734,Non-Unique,Purdy,Barry
65735,Non-Unique,Quincy,Hickory
65737,Non-Unique,Reeds Spring,Stone
65738,Non-Unique,Republic,Greene
65739,Non-Unique,Ridgedale,Taney
65740,Non-Unique,Rockaway Beach,Taney
65741,PO Box,Rockbridge,Ozark
65742,Non-Unique,Rogersville,Greene
65744,Non-Unique,Rueter,Taney
65745,Non-Unique,Seligman,Barry
65746,Non-Unique,Seymour,Webster
65747,Non-Unique,Shell Knob,Stone
65752,Non-Unique,South Greenfield,Dade
65753,Non-Unique,Sparta,Christian
65754,Non-Unique,Spokane,Christian
65755,Non-Unique,Squires,Douglas
65756,Non-Unique,Stotts City,Lawrence
65757,Non-Unique,Strafford,Greene
65759,Non-Unique,Taneyville,Taney
65760,Non-Unique,Tecumseh,Ozark
65761,Non-Unique,Theodosia,Ozark
65762,Non-Unique,Thornfield,Ozark
65764,Non-Unique,Tunas,Dallas
65765,PO Box,Turners,Greene
65766,Non-Unique,Udall,Ozark
65767,Non-Unique,Urbana,Dallas
65768,Non-Unique,Vanzant,Douglas
65769,Non-Unique,Verona,Barry
65770,Non-Unique,Walnut Grove,Greene
65771,Non-Unique,Walnut Shade,Taney
65772,Non-Unique,Washburn,Barry
65773,Non-Unique,Wasola,Ozark
65774,Non-Unique,Weaubleau,Hickory
65775,Non-Unique,West Plains,Howell
65776,Non-Unique,South Fork,Howell
65777,Non-Unique,Moody,Howell
65778,Non-Unique,Myrtle,Oregon
65779,Non-Unique,Wheatland,Hickory
65781,Non-Unique,Willard,Greene
65783,Non-Unique,Windyville,Dallas
65784,Non-Unique,Zanoni,Ozark
65785,Non-Unique,Stockton,Cedar
65786,Non-Unique,Macks Creek,Camden
65787,Non-Unique,Roach,Camden
65788,Non-Unique,Peace Valley,Howell
65789,Non-Unique,Pomona,Howell
65790,Non-Unique,Pottersville,Howell
65791,Non-Unique,Thayer,Oregon
65793,Non-Unique,Willow Springs,Howell
65801,PO Box,Springfield,Greene
65802,Non-Unique,Springfield,Greene
65803,Non-Unique,Springfield,Greene
65804,Non-Unique,Springfield,Greene
65805,PO Box,Springfield,Greene
65806,Non-Unique,Springfield,Greene
65807,Non-Unique,Springfield,Greene
65808,PO Box,Springfield,Greene
65809,Non-Unique,Springfield,Greene
65810,Non-Unique,Springfield,Greene
65814,PO Box,Springfield,Greene
65817,PO Box,Springfield,Greene
65890,Unique,Springfield,Greene
65897,Unique,Springfield,Greene
65898,Unique,Springfield,Greene
65899,Unique,Springfield,Greene
